INSERT INTO "MY_NAME"."CARD" (CARD_NUMBER) VALUES ('101')
INSERT INTO "MY_NAME"."CARD" (CARD_NUMBER) VALUES ('102')
INSERT INTO "MY_NAME"."CARD" (CARD_NUMBER) VALUES ('103')
INSERT INTO "MY_NAME"."CARD" (CARD_NUMBER) VALUES ('104')
INSERT INTO "MY_NAME"."CARD" (CARD_NUMBER) VALUES ('105')

INSERT INTO "MY_NAME"."DISEASE" (DISEASE_NAME, "DESC") VALUES ('pain_1', 'desc_1')
INSERT INTO "MY_NAME"."DISEASE" (DISEASE_NAME, "DESC") VALUES ('pain_2', 'desc_2')
INSERT INTO "MY_NAME"."DISEASE" (DISEASE_NAME, "DESC") VALUES ('pain_3', 'desc_3')
INSERT INTO "MY_NAME"."DISEASE" (DISEASE_NAME, "DESC") VALUES ('pain_4', 'desc_4')
INSERT INTO "MY_NAME"."DISEASE" (DISEASE_NAME, "DESC") VALUES ('pain_5', 'desc_5')

INSERT INTO "MY_NAME"."MEDICINE" (MEDICINE_NAME, "DESC") VALUES ('med_1', 'desc_1')
INSERT INTO "MY_NAME"."MEDICINE" (MEDICINE_NAME, "DESC") VALUES ('med_2', 'desc_2')
INSERT INTO "MY_NAME"."MEDICINE" (MEDICINE_NAME, "DESC") VALUES ('med_3', 'desc_3')
INSERT INTO "MY_NAME"."MEDICINE" (MEDICINE_NAME, "DESC") VALUES ('med_4', 'desc_4')
INSERT INTO "MY_NAME"."MEDICINE" (MEDICINE_NAME, "DESC") VALUES ('med_5', 'desc_5')

INSERT INTO "MY_NAME"."SYMPTOM" (SYMPTOM_NAME, "DESC") VALUES ('sym_1', 'desc_1')
INSERT INTO "MY_NAME"."SYMPTOM" (SYMPTOM_NAME, "DESC") VALUES ('sym_2', 'desc_2')
INSERT INTO "MY_NAME"."SYMPTOM" (SYMPTOM_NAME, "DESC") VALUES ('sym_3', 'desc_3')
INSERT INTO "MY_NAME"."SYMPTOM" (SYMPTOM_NAME, "DESC") VALUES ('sym_4', 'desc_4')
INSERT INTO "MY_NAME"."SYMPTOM" (SYMPTOM_NAME, "DESC") VALUES ('sym_5', 'desc_5')

INSERT INTO "MY_NAME"."USER_PATIENT" (LOGIN, FIRST_NAME, LAST_NAME, BIRTHDAY, SEX) VALUES ('log_1', 'first_1', 'last_1', TO_DATE('2018-11-05 11:39:37', 'YYYY-MM-DD HH24:MI:SS'), '0')
INSERT INTO "MY_NAME"."USER_PATIENT" (LOGIN, FIRST_NAME, LAST_NAME, BIRTHDAY, SEX) VALUES ('log_2', 'first_2', 'last_2', TO_DATE('2018-11-06 11:39:42', 'YYYY-MM-DD HH24:MI:SS'), '0')
INSERT INTO "MY_NAME"."USER_PATIENT" (LOGIN, FIRST_NAME, LAST_NAME, BIRTHDAY, SEX) VALUES ('log_3', 'first_3', 'last_3', TO_DATE('2018-11-07 11:39:53', 'YYYY-MM-DD HH24:MI:SS'), '1')
INSERT INTO "MY_NAME"."USER_PATIENT" (LOGIN, FIRST_NAME, LAST_NAME, BIRTHDAY, SEX) VALUES ('log_4', 'first_4', 'last_4', TO_DATE('2018-11-08 11:39:58', 'YYYY-MM-DD HH24:MI:SS'), '1')
INSERT INTO "MY_NAME"."USER_PATIENT" (LOGIN, FIRST_NAME, LAST_NAME, BIRTHDAY, SEX) VALUES ('log_5', 'first_5', 'last_5', TO_DATE('2018-11-09 11:40:05', 'YYYY-MM-DD HH24:MI:SS'), '1')

INSERT INTO "MY_NAME"."DESEASE_SYMPTOMS" (DISEASE_DISEASE_NAME, SYMPTOM_SYMPTOM_NAME) VALUES ('pain_1', 'sym_1')
INSERT INTO "MY_NAME"."DESEASE_SYMPTOMS" (DISEASE_DISEASE_NAME, SYMPTOM_SYMPTOM_NAME) VALUES ('pain_1', 'sym_2')
INSERT INTO "MY_NAME"."DESEASE_SYMPTOMS" (DISEASE_DISEASE_NAME, SYMPTOM_SYMPTOM_NAME) VALUES ('pain_1', 'sym_3')
INSERT INTO "MY_NAME"."DESEASE_SYMPTOMS" (DISEASE_DISEASE_NAME, SYMPTOM_SYMPTOM_NAME) VALUES ('pain_2', 'sym_1')
INSERT INTO "MY_NAME"."DESEASE_SYMPTOMS" (DISEASE_DISEASE_NAME, SYMPTOM_SYMPTOM_NAME) VALUES ('pain_3', 'sym_5')

INSERT INTO "MY_NAME"."MEDICINE_DISEASE" (DISEASE_DISEASE_NAME, MEDICINE_MEDICINE_NAME) VALUES ('pain_1', 'med_1')
INSERT INTO "MY_NAME"."MEDICINE_DISEASE" (DISEASE_DISEASE_NAME, MEDICINE_MEDICINE_NAME) VALUES ('pain_2', 'med_1')
INSERT INTO "MY_NAME"."MEDICINE_DISEASE" (DISEASE_DISEASE_NAME, MEDICINE_MEDICINE_NAME) VALUES ('pain_2', 'med_2')
INSERT INTO "MY_NAME"."MEDICINE_DISEASE" (DISEASE_DISEASE_NAME, MEDICINE_MEDICINE_NAME) VALUES ('pain_3', 'med_3')
INSERT INTO "MY_NAME"."MEDICINE_DISEASE" (DISEASE_DISEASE_NAME, MEDICINE_MEDICINE_NAME) VALUES ('pain_5', 'med_4')

INSERT INTO "MY_NAME"."MEDICINE_SYMPTOMS" (SYMPTOM_SYMPTOM_NAME, MEDICINE_MEDICINE_NAME) VALUES ('sym_1', 'med_1')
INSERT INTO "MY_NAME"."MEDICINE_SYMPTOMS" (SYMPTOM_SYMPTOM_NAME, MEDICINE_MEDICINE_NAME) VALUES ('sym_2', 'med_1')
INSERT INTO "MY_NAME"."MEDICINE_SYMPTOMS" (SYMPTOM_SYMPTOM_NAME, MEDICINE_MEDICINE_NAME) VALUES ('sym_2', 'med_2')
INSERT INTO "MY_NAME"."MEDICINE_SYMPTOMS" (SYMPTOM_SYMPTOM_NAME, MEDICINE_MEDICINE_NAME) VALUES ('sym_5', 'med_2')
INSERT INTO "MY_NAME"."MEDICINE_SYMPTOMS" (SYMPTOM_SYMPTOM_NAME, MEDICINE_MEDICINE_NAME) VALUES ('sym_5', 'med_3')

INSERT INTO "MY_NAME"."PATIENT_CARD" (CARD_CARD_NUMBER, USER_PATIENT_LOGIN) VALUES ('101', 'log_1')
INSERT INTO "MY_NAME"."PATIENT_CARD" (CARD_CARD_NUMBER, USER_PATIENT_LOGIN) VALUES ('102', 'log_1')
INSERT INTO "MY_NAME"."PATIENT_CARD" (CARD_CARD_NUMBER, USER_PATIENT_LOGIN) VALUES ('102', 'log_2')
INSERT INTO "MY_NAME"."PATIENT_CARD" (CARD_CARD_NUMBER, USER_PATIENT_LOGIN) VALUES ('103', 'log_3')
INSERT INTO "MY_NAME"."PATIENT_CARD" (CARD_CARD_NUMBER, USER_PATIENT_LOGIN) VALUES ('103', 'log_4')

INSERT INTO "MY_NAME"."PATIENT_DESEASE" (USER_PATIENT_LOGIN, DISEASE_DISEASE_NAME) VALUES ('log_1', 'pain_1')
INSERT INTO "MY_NAME"."PATIENT_DESEASE" (USER_PATIENT_LOGIN, DISEASE_DISEASE_NAME) VALUES ('log_1', 'pain_2')
INSERT INTO "MY_NAME"."PATIENT_DESEASE" (USER_PATIENT_LOGIN, DISEASE_DISEASE_NAME) VALUES ('log_2', 'pain_2')
INSERT INTO "MY_NAME"."PATIENT_DESEASE" (USER_PATIENT_LOGIN, DISEASE_DISEASE_NAME) VALUES ('log_2', 'pain_3')
INSERT INTO "MY_NAME"."PATIENT_DESEASE" (USER_PATIENT_LOGIN, DISEASE_DISEASE_NAME) VALUES ('log_4', 'pain_5')


INSERT INTO "MY_NAME"."PATIENT_SYMPTOM" (USER_PATIENT_LOGIN, SYMPTOM_SYMPTOM_NAME) VALUES ('log_1', 'sym_1')
INSERT INTO "MY_NAME"."PATIENT_SYMPTOM" (USER_PATIENT_LOGIN, SYMPTOM_SYMPTOM_NAME) VALUES ('log_2', 'sym_2')
INSERT INTO "MY_NAME"."PATIENT_SYMPTOM" (USER_PATIENT_LOGIN, SYMPTOM_SYMPTOM_NAME) VALUES ('log_3', 'sym_4')
INSERT INTO "MY_NAME"."PATIENT_SYMPTOM" (USER_PATIENT_LOGIN, SYMPTOM_SYMPTOM_NAME) VALUES ('log_4', 'sym_4')
INSERT INTO "MY_NAME"."PATIENT_SYMPTOM" (USER_PATIENT_LOGIN, SYMPTOM_SYMPTOM_NAME) VALUES ('log_5', 'sym_5')
