INSERT INTO "MY_NAME"."DESEASE" (DIS_NAME, DIS_DESC) VALUES ('dis_name1', 'dis_desc1')
INSERT INTO "MY_NAME"."DESEASE" (DIS_NAME, DIS_DESC) VALUES ('dis_name2', 'dis_desc2')
INSERT INTO "MY_NAME"."DESEASE" (DIS_NAME, DIS_DESC) VALUES ('dis_name3', 'dis_desc3')
INSERT INTO "MY_NAME"."DESEASE" (DIS_NAME, DIS_DESC) VALUES ('dis_name4', 'dis_desc4')
INSERT INTO "MY_NAME"."DESEASE" (DIS_NAME, DIS_DESC) VALUES ('dis_name5', 'dis_desc5')

INSERT INTO "MY_NAME"."MEDICINE" (MED_NAME, MED_DESC) VALUES ('med_name1', 'med_desc1')
INSERT INTO "MY_NAME"."MEDICINE" (MED_NAME, MED_DESC) VALUES ('med_name2', 'med_desc2')
INSERT INTO "MY_NAME"."MEDICINE" (MED_NAME, MED_DESC) VALUES ('med_name3', 'med_desc3')
INSERT INTO "MY_NAME"."MEDICINE" (MED_NAME, MED_DESC) VALUES ('med_name4', 'med_desc4')
INSERT INTO "MY_NAME"."MEDICINE" (MED_NAME, MED_DESC) VALUES ('med_name5', 'med_desc5')

INSERT INTO "MY_NAME"."SYMPTOM" (SYM_NAME, SYM_DESC) VALUES ('sym_name1', 'sym_desc1')
INSERT INTO "MY_NAME"."SYMPTOM" (SYM_NAME, SYM_DESC) VALUES ('sym_name2', 'sym_desc2')
INSERT INTO "MY_NAME"."SYMPTOM" (SYM_NAME, SYM_DESC) VALUES ('sym_name3', 'sym_desc3')
INSERT INTO "MY_NAME"."SYMPTOM" (SYM_NAME, SYM_DESC) VALUES ('sym_name4', 'sym_desc4')
INSERT INTO "MY_NAME"."SYMPTOM" (SYM_NAME, SYM_DESC) VALUES ('sym_name5', 'sym_desc5')

INSERT INTO "MY_NAME"."user" (LOGIN, FIRST_NAME, LAST_NAME, BIRTHDAY, SEX) VALUES ('log1', 'first_name1', 'last_name1', TO_DATE('2018-11-12 10:31:43', 'YYYY-MM-DD HH24:MI:SS'), '1')
INSERT INTO "MY_NAME"."user" (LOGIN, FIRST_NAME, LAST_NAME, BIRTHDAY, SEX) VALUES ('log2', 'first_name2', 'last_name2', TO_DATE('2018-11-13 00:00:00', 'YYYY-MM-DD HH24:MI:SS'), '0')
INSERT INTO "MY_NAME"."user" (LOGIN, FIRST_NAME, LAST_NAME, BIRTHDAY, SEX) VALUES ('log3', 'first_name3', 'last_name3', TO_DATE('2018-11-14 00:00:00', 'YYYY-MM-DD HH24:MI:SS'), '1')
INSERT INTO "MY_NAME"."user" (LOGIN, FIRST_NAME, LAST_NAME, BIRTHDAY, SEX) VALUES ('log4', 'first_name4', 'last_name4', TO_DATE('2018-11-15 00:00:00', 'YYYY-MM-DD HH24:MI:SS'), '0')
INSERT INTO "MY_NAME"."user" (LOGIN, FIRST_NAME, LAST_NAME, BIRTHDAY, SEX) VALUES ('log5', 'first_name5', 'last_name5', TO_DATE('2018-11-16 00:00:00', 'YYYY-MM-DD HH24:MI:SS'), '1')

INSERT INTO "MY_NAME"."CARD" (CARD_NUMBER, USER_LOGIN) VALUES ('101', 'log1')
INSERT INTO "MY_NAME"."CARD" (CARD_NUMBER, USER_LOGIN) VALUES ('102', 'log1')
INSERT INTO "MY_NAME"."CARD" (CARD_NUMBER, USER_LOGIN) VALUES ('103', 'log2')
INSERT INTO "MY_NAME"."CARD" (CARD_NUMBER, USER_LOGIN) VALUES ('104', 'log3')
INSERT INTO "MY_NAME"."CARD" (CARD_NUMBER, USER_LOGIN) VALUES ('105', 'log4')

INSERT INTO "MY_NAME"."MDS" (MDS_DATE, DESEASE_DIS_NAME, SYMPTOM_SYM_NAME, MEDICINE_MED_NAME) VALUES (TO_DATE('2018-11-04 10:37:54', 'YYYY-MM-DD HH24:MI:SS'), 'dis_name1', 'sym_name3', 'med_name1')
INSERT INTO "MY_NAME"."MDS" (MDS_DATE, DESEASE_DIS_NAME, SYMPTOM_SYM_NAME, MEDICINE_MED_NAME) VALUES (TO_DATE('2018-11-05 00:00:00', 'YYYY-MM-DD HH24:MI:SS'), 'dis_name1', 'sym_name3', 'med_name2')
INSERT INTO "MY_NAME"."MDS" (MDS_DATE, DESEASE_DIS_NAME, SYMPTOM_SYM_NAME, MEDICINE_MED_NAME) VALUES (TO_DATE('2018-11-06 00:00:00', 'YYYY-MM-DD HH24:MI:SS'), 'dis_name2', 'sym_name4', 'med_name3')
INSERT INTO "MY_NAME"."MDS" (MDS_DATE, DESEASE_DIS_NAME, SYMPTOM_SYM_NAME, MEDICINE_MED_NAME) VALUES (TO_DATE('2018-11-07 00:00:00', 'YYYY-MM-DD HH24:MI:SS'), 'dis_name2', 'sym_name4', 'med_name5')
INSERT INTO "MY_NAME"."MDS" (MDS_DATE, DESEASE_DIS_NAME, SYMPTOM_SYM_NAME, MEDICINE_MED_NAME) VALUES (TO_DATE('2018-11-08 00:00:00', 'YYYY-MM-DD HH24:MI:SS'), 'dis_name3', 'sym_name5', 'med_name5')

INSERT INTO "MY_NAME"."USER_MDS" (USER_LOGIN, MDS_MDS_DATE) VALUES ('log1', TO_DATE('2018-11-05 00:00:00', 'YYYY-MM-DD HH24:MI:SS'))
INSERT INTO "MY_NAME"."USER_MDS" (USER_LOGIN, MDS_MDS_DATE) VALUES ('log1', TO_DATE('2018-11-06 00:00:00', 'YYYY-MM-DD HH24:MI:SS'))
INSERT INTO "MY_NAME"."USER_MDS" (USER_LOGIN, MDS_MDS_DATE) VALUES ('log2', TO_DATE('2018-11-06 00:00:00', 'YYYY-MM-DD HH24:MI:SS'))
INSERT INTO "MY_NAME"."USER_MDS" (USER_LOGIN, MDS_MDS_DATE) VALUES ('log3', TO_DATE('2018-11-06 00:00:00', 'YYYY-MM-DD HH24:MI:SS'))
INSERT INTO "MY_NAME"."USER_MDS" (USER_LOGIN, MDS_MDS_DATE) VALUES ('log3', TO_DATE('2018-11-07 00:00:00', 'YYYY-MM-DD HH24:MI:SS'))
INSERT INTO "MY_NAME"."USER_MDS" (USER_LOGIN, MDS_MDS_DATE) VALUES ('log5', TO_DATE('2018-11-08 00:00:00', 'YYYY-MM-DD HH24:MI:SS'))
